Allele, Variation Class, RefSNP Alleles, Allele Origin, Ancestral Allele, Clinical Channel, Clinical Significance, MAF/MinorAlleleCount, MAF Source
rs2724853,SNV,C/T (FWD), ,C,unknown,NA,A=0.059/129,1000 Genomes
rs882416,SNV,A/G (FWD), ,A,unknown,NA,C=0.059/128,1000 Genomes
rs11687286,SNV,A/G (FWD), ,G,unknown,NA,A=0.069/151,1000 Genomes
rs4575696,SNV,C/T (FWD), ,T,unknown,NA,C=0.056/122,1000 Genomes
rs2722548,SNV,C/T (FWD), ,T,unknown,NA,C=0.043/94,1000 Genomes
rs4669107,SNV,C/T (FWD), ,C,unknown,NA,C=0.084/182,1000 Genomes
rs6708795,SNV,G/T (FWD), ,G,unknown,NA,T=0.090/195,1000 Genomes
rs878167,SNV,C/T (FWD), ,T,unknown,NA,G=0.085/186,1000 Genomes
rs7591378,SNV,A/G (FWD), ,A,unknown,NA,A=0.057/125,1000 Genomes
rs346833,SNV,C/T (FWD), ,T,unknown,NA,G=0.075/163,1000 Genomes
